{"SURVIVAL":{"potions":[{"==":"PotionEffect","effect":"minecraft:invisibility","duration":2147483203,"amplifier":1,"ambient":false,"has-particles":true,"has-icon":true},{"==":"PotionEffect","effect":"minecraft:night_vision","duration":-1,"amplifier":255,"ambient":false,"has-particles":false,"has-icon":false}],"offHandItem":{"==":"org.bukkit.inventory.ItemStack","v":4189,"type":"AIR","amount":0},"enderChestContents":{},"inventoryContents":{"0":{"==":"org.bukkit.inventory.ItemStack","v":4189,"type":"SAND","amount":2}},"armorContents":{},"stats":{"ex":"2.794269","ma":"300","fl":"17","el":"8","xp":"0.9565215","hp":"20.0","txp":"134","ft":"-20","fd":"0.0","sa":"0.0","ra":"300"}}}