{"SURVIVAL":{"enderChestContents":{},"armorContents":{"0":{"==":"org.bukkit.inventory.ItemStack","v":4189,"type":"NETHERITE_BOOTS","meta":{"==":"ItemMeta","meta-type":"ARMOR","enchants":{"minecraft:thorns":3},"repair-cost":1,"Damage":13,"trim":{"material":"minecraft:diamond","pattern":"minecraft:silence"}}},"1":{"==":"org.bukkit.inventory.ItemStack","v":4189,"type":"NETHERITE_LEGGINGS","meta":{"==":"ItemMeta","meta-type":"ARMOR","enchants":{"minecraft:thorns":3},"repair-cost":1,"Damage":13,"trim":{"material":"minecraft:diamond","pattern":"minecraft:silence"}}},"2":{"==":"org.bukkit.inventory.ItemStack","v":4189,"type":"NETHERITE_CHESTPLATE","meta":{"==":"ItemMeta","meta-type":"ARMOR","enchants":{"minecraft:thorns":3},"repair-cost":1,"Damage":8,"trim":{"material":"minecraft:diamond","pattern":"minecraft:silence"}}}},"potions":[],"offHandItem":{"==":"org.bukkit.inventory.ItemStack","v":4189,"type":"AIR","amount":0},"inventoryContents":{"36":{"==":"org.bukkit.inventory.ItemStack","v":4189,"type":"NETHERITE_BOOTS","meta":{"==":"ItemMeta","meta-type":"ARMOR","enchants":{"minecraft:thorns":3},"repair-cost":1,"Damage":13,"trim":{"material":"minecraft:diamond","pattern":"minecraft:silence"}}},"37":{"==":"org.bukkit.inventory.ItemStack","v":4189,"type":"NETHERITE_LEGGINGS","meta":{"==":"ItemMeta","meta-type":"ARMOR","enchants":{"minecraft:thorns":3},"repair-cost":1,"Damage":13,"trim":{"material":"minecraft:diamond","pattern":"minecraft:silence"}}},"38":{"==":"org.bukkit.inventory.ItemStack","v":4189,"type":"NETHERITE_CHESTPLATE","meta":{"==":"ItemMeta","meta-type":"ARMOR","enchants":{"minecraft:thorns":3},"repair-cost":1,"Damage":8,"trim":{"material":"minecraft:diamond","pattern":"minecraft:silence"}}}},"stats":{"ex":"0.0","ma":"300","fl":"20","el":"0","xp":"0.0","hp":"20.0","txp":"0","sa":"5.0","fd":"0.0","ft":"-20","ra":"300"}}}