{"SURVIVAL":{"potions":[],"offHandItem":{"==":"org.bukkit.inventory.ItemStack","v":4189,"type":"AIR","amount":0},"enderChestContents":{},"inventoryContents":{"0":{"==":"org.bukkit.inventory.ItemStack","v":4189,"type":"MAGMA_BLOCK"},"1":{"==":"org.bukkit.inventory.ItemStack","v":4189,"type":"SOUL_SAND"},"2":{"==":"org.bukkit.inventory.ItemStack","v":4189,"type":"BARRIER"},"3":{"==":"org.bukkit.inventory.ItemStack","v":4189,"type":"GLASS"},"4":{"==":"org.bukkit.inventory.ItemStack","v":4189,"type":"WOODEN_AXE"},"5":{"==":"org.bukkit.inventory.ItemStack","v":4189,"type":"OAK_SIGN"},"9":{"==":"org.bukkit.inventory.ItemStack","v":4189,"type":"LIGHT","meta":{"==":"ItemMeta","meta-type":"UNSPECIFIC","BlockStateTag":{"level":"7"}}}},"armorContents":{},"stats":{"ex":"0.889","ma":"300","fl":"20","el":"0","xp":"0.0","hp":"20.0","txp":"0","ft":"-20","fd":"0.0","sa":"5.0","ra":"300"}}}