{"SURVIVAL":{"armorContents":{},"offHandItem":{"==":"org.bukkit.inventory.ItemStack","v":4189,"type":"AIR","amount":0},"potions":[],"enderChestContents":{},"inventoryContents":{"0":{"==":"org.bukkit.inventory.ItemStack","v":4189,"type":"STONE_SWORD"},"1":{"==":"org.bukkit.inventory.ItemStack","v":4189,"type":"STONE_SHOVEL"},"2":{"==":"org.bukkit.inventory.ItemStack","v":4189,"type":"STONE_PICKAXE"},"3":{"==":"org.bukkit.inventory.ItemStack","v":4189,"type":"STONE_AXE"}},"stats":{"ex":"0.0","ma":"300","fl":"20","el":"0","xp":"0.0","hp":"20.0","txp":"0","sa":"5.0","fd":"0.0","ft":"-20","ra":"300"}}}