{"SURVIVAL":{"offHandItem":{"==":"org.bukkit.inventory.ItemStack","v":4189,"type":"AIR","amount":0},"potions":[],"inventoryContents":{"0":{"==":"org.bukkit.inventory.ItemStack","v":4189,"type":"STONE_SWORD"},"1":{"==":"org.bukkit.inventory.ItemStack","v":4189,"type":"STONE_SHOVEL"},"2":{"==":"org.bukkit.inventory.ItemStack","v":4189,"type":"STONE_PICKAXE"},"3":{"==":"org.bukkit.inventory.ItemStack","v":4189,"type":"STONE_AXE"},"4":{"==":"org.bukkit.inventory.ItemStack","v":4189,"type":"STONE_SWORD"},"5":{"==":"org.bukkit.inventory.ItemStack","v":4189,"type":"STONE_SHOVEL"},"6":{"==":"org.bukkit.inventory.ItemStack","v":4189,"type":"STONE_PICKAXE"},"7":{"==":"org.bukkit.inventory.ItemStack","v":4189,"type":"STONE_AXE"}},"enderChestContents":{},"armorContents":{},"stats":{"ex":"2.3210042","ma":"300","fl":"20","el":"0","xp":"0.2857143","hp":"20.0","txp":"2","fd":"0.0","sa":"18.0","ft":"-20","ra":"300"}}}