{
  "parent": "minecraft:recipes/root",
  "criteria": {
    "has_TagKey[minecraft:item / c:ingots/gold]": {
      "conditions": {
        "items": [
          {
            "items": "#c:ingots/gold"
          }
        ]
      },
      "trigger": "minecraft:inventory_changed"
    },
    "has_the_recipe": {
      "conditions": {
        "recipe": "advancednetherite:netherite_gold_ingot"
      },
      "trigger": "minecraft:recipe_unlocked"
    }
  },
  "requirements": [
    [
      "has_the_recipe",
      "has_TagKey[minecraft:item / c:ingots/gold]"
    ]
  ],
  "rewards": {
    "recipes": [
      "advancednetherite:netherite_gold_ingot"
    ]
  }
}