{
  "parent": "minecraft:recipes/root",
  "criteria": {
    "has_TagKey[minecraft:item / c:gems/diamond]": {
      "conditions": {
        "items": [
          {
            "items": "#c:gems/diamond"
          }
        ]
      },
      "trigger": "minecraft:inventory_changed"
    },
    "has_the_recipe": {
      "conditions": {
        "recipe": "advancednetherite:netherite_diamond_ingot"
      },
      "trigger": "minecraft:recipe_unlocked"
    }
  },
  "requirements": [
    [
      "has_the_recipe",
      "has_TagKey[minecraft:item / c:gems/diamond]"
    ]
  ],
  "rewards": {
    "recipes": [
      "advancednetherite:netherite_diamond_ingot"
    ]
  }
}