{"SURVIVAL":{"potions":[{"==":"PotionEffect","effect":"minecraft:jump_boost","duration":19,"amplifier":2,"ambient":false,"has-particles":false,"has-icon":false},{"==":"PotionEffect","effect":"minecraft:speed","duration":19,"amplifier":2,"ambient":false,"has-particles":false,"has-icon":false}],"offHandItem":{"==":"org.bukkit.inventory.ItemStack","v":4189,"type":"AIR","amount":0},"enderChestContents":{},"inventoryContents":{"0":{"==":"org.bukkit.inventory.ItemStack","v":4189,"type":"SMOOTH_SANDSTONE"},"1":{"==":"org.bukkit.inventory.ItemStack","v":4189,"type":"CUT_SANDSTONE"},"2":{"==":"org.bukkit.inventory.ItemStack","v":4189,"type":"SANDSTONE_STAIRS"},"3":{"==":"org.bukkit.inventory.ItemStack","v":4189,"type":"SANDSTONE_SLAB"},"4":{"==":"org.bukkit.inventory.ItemStack","v":4189,"type":"SANDSTONE"},"5":{"==":"org.bukkit.inventory.ItemStack","v":4189,"type":"FLOWERING_AZALEA_LEAVES"},"6":{"==":"org.bukkit.inventory.ItemStack","v":4189,"type":"JUNGLE_FENCE"},"7":{"==":"org.bukkit.inventory.ItemStack","v":4189,"type":"OAK_PLANKS","amount":64},"8":{"==":"org.bukkit.inventory.ItemStack","v":4189,"type":"WOODEN_AXE"},"9":{"==":"org.bukkit.inventory.ItemStack","v":4189,"type":"LIGHT","meta":{"==":"ItemMeta","meta-type":"UNSPECIFIC","BlockStateTag":{"level":"7"}}}},"armorContents":{},"stats":{"ex":"0.1","ma":"300","fl":"20","el":"0","xp":"0.0","hp":"20.0","txp":"0","ft":"-20","fd":"5.2391","sa":"20.0","ra":"300"}}}