{"SURVIVAL":{"enderChestContents":{},"potions":[{"==":"PotionEffect","effect":"minecraft:jump_boost","duration":19,"amplifier":2,"ambient":false,"has-particles":false,"has-icon":false},{"==":"PotionEffect","effect":"minecraft:speed","duration":19,"amplifier":2,"ambient":false,"has-particles":false,"has-icon":false}],"inventoryContents":{},"armorContents":{},"offHandItem":{"==":"org.bukkit.inventory.ItemStack","v":4189,"type":"AIR","amount":0},"stats":{"ex":"2.5744998","ma":"300","fl":"20","el":"0","hp":"20.0","xp":"0.0","txp":"0","sa":"20.0","ft":"-20","fd":"0.0","ra":"300"}}}