{
  "anvil_cost": 8,
  "description": {
    "translate": "enchantment.minecraft.infinity"
  },
  "effects": {
    "minecraft:ammo_use": [
      {
        "effect": {
          "type": "minecraft:set",
          "value": 0.0
        },
        "requirements": {
          "condition": "minecraft:match_tool",
          "predicate": {
            "items": "minecraft:arrow"
          }
        }
      }
    ]
  },
  "exclusive_set": "#minecraft:exclusive_set/bow",
  "max_cost": {
    "base": 50,
    "per_level_above_first": 0
  },
  "max_level": 1,
  "min_cost": {
    "base": 20,
    "per_level_above_first": 0
  },
  "slots": [
    "mainhand"
  ],
  "supported_items": "#minecraft:enchantable/bows",
  "weight": 1
}